Workbook

Sheet Sheet1
A1: Date | B1: JKM | C1: NBP | D1: TTF | E1: HH
A2: {=_xlfn._xlws.SORT(_xlfn.UNIQUE(_xlfn.VSTACK(NBP!$A$3:$A$2603,JKM!$A$3:$A$2570,TTF!$A$3:$A$2632,'Henry Hub'!$A$3:$A$2579)),,-1)} -> 46112 | B2: =+IFERROR(_xlfn.XLOOKUP($A2,JKM!A:A,JKM!B:B),"") -> 20.13 | C2: =+IFERROR(_xlfn.XLOOKUP($A2,NBP!$A:$A,NBP!B:B),"") -> 16.937 | D2: =+IFERROR(_xlfn.XLOOKUP(A2,TTF!A:A,TTF!B:B),"") -> 14.875 | E2: =+IFERROR(_xlfn.XLOOKUP(A2,'Henry Hub'!A:A,'Henry Hub'!B:B),"") -> 2.884
A3: 46111 | B3: =+IFERROR(_xlfn.XLOOKUP($A3,JKM!A:A,JKM!B:B),"") -> 20.53 | C3: =+IFERROR(_xlfn.XLOOKUP($A3,NBP!$A:$A,NBP!B:B),"") -> 18.177 | D3: =+IFERROR(_xlfn.XLOOKUP(A3,TTF!A:A,TTF!B:B),"") -> 16.064 | E3: =+IFERROR(_xlfn.XLOOKUP(A3,'Henry Hub'!A:A,'Henry Hub'!B:B),"") -> 2.887
A4: 46108 | B4: =+IFERROR(_xlfn.XLOOKUP($A4,JKM!A:A,JKM!B:B),"") -> 20.395 | C4: =+IFERROR(_xlfn.XLOOKUP($A4,NBP!$A:$A,NBP!B:B),"") -> 18.048 | D4: =+IFERROR(_xlfn.XLOOKUP(A4,TTF!A:A,TTF!B:B),"") -> 15.878 | E4: =+IFERROR(_xlfn.XLOOKUP(A4,'Henry Hub'!A:A,'Henry Hub'!B:B),"") -> 3.095
A5: 46107 | B5: =+IFERROR(_xlfn.XLOOKUP($A5,JKM!A:A,JKM!B:B),"") -> 20.495 | C5: =+IFERROR(_xlfn.XLOOKUP($A5,NBP!$A:$A,NBP!B:B),"") -> 18.474 | D5: =+IFERROR(_xlfn.XLOOKUP(A5,TTF!A:A,TTF!B:B),"") -> 16.183 | E5: =+IFERROR(_xlfn.XLOOKUP(A5,'Henry Hub'!A:A,'Henry Hub'!B:B),"") -> 2.999
A6: 46106 | B6: =+IFERROR(_xlfn.XLOOKUP($A6,JKM!A:A,JKM!B:B),"") -> 19.99 | C6: =+IFERROR(_xlfn.XLOOKUP($A6,NBP!$A:$A,NBP!B:B),"") -> 17.742 | D6: =+IFERROR(_xlfn.XLOOKUP(A6,TTF!A:A,TTF!B:B),"") -> 15.479 | E6: =+IFERROR(_xlfn.XLOOKUP(A6,'Henry Hub'!A:A,'Henry Hub'!B:B),"") -> 2.952
A7: 46105 | B7: =+IFERROR(_xlfn.XLOOKUP($A7,JKM!A:A,JKM!B:B),"") -> 20.525 | C7: =+IFERROR(_xlfn.XLOOKUP($A7,NBP!$A:$A,NBP!B:B),"") -> 18.283 | D7: =+IFERROR(_xlfn.XLOOKUP(A7,TTF!A:A,TTF!B:B),"") -> 15.838 | E7: =+IFERROR(_xlfn.XLOOKUP(A7,'Henry Hub'!A:A,'Henry Hub'!B:B),"") -> 2.943
A8: 46104 | B8: =+IFERROR(_xlfn.XLOOKUP($A8,JKM!A:A,JKM!B:B),"") -> 21 | C8: =+IFERROR(_xlfn.XLOOKUP($A8,NBP!$A:$A,NBP!B:B),"") -> 19.238 | D8: =+IFERROR(_xlfn.XLOOKUP(A8,TTF!A:A,TTF!B:B),"") -> 16.612 | E8: =+IFERROR(_xlfn.XLOOKUP(A8,'Henry Hub'!A:A,'Henry Hub'!B:B),"") -> 2.891
A9: 46101 | B9: =+IFERROR(_xlfn.XLOOKUP($A9,JKM!A:A,JKM!B:B),"") -> 21.705 | C9: =+IFERROR(_xlfn.XLOOKUP($A9,NBP!$A:$A,NBP!B:B),"") -> 20.155 | D9: =+IFERROR(_xlfn.XLOOKUP(A9,TTF!A:A,TTF!B:B),"") -> 17.366 | E9: =+IFERROR(_xlfn.XLOOKUP(A9,'Henry Hub'!A:A,'Henry Hub'!B:B),"") -> 3.095
A10: 46100 | B10: =+IFERROR(_xlfn.XLOOKUP($A10,JKM!A:A,JKM!B:B),"") -> 22.35 | C10: =+IFERROR(_xlfn.XLOOKUP($A10,NBP!$A:$A,NBP!B:B),"") -> 21.037 | D10: =+IFERROR(_xlfn.XLOOKUP(A10,TTF!A:A,TTF!B:B),"") -> 18.127 | E10: =+IFERROR(_xlfn.XLOOKUP(A10,'Henry Hub'!A:A,'Henry Hub'!B:B),"") -> 3.166
A11: 46099 | B11: =+IFERROR(_xlfn.XLOOKUP($A11,JKM!A:A,JKM!B:B),"") -> 20.175 | C11: =+IFERROR(_xlfn.XLOOKUP($A11,NBP!$A:$A,NBP!B:B),"") -> 18.483 | D11: =+IFERROR(_xlfn.XLOOKUP(A11,TTF!A:A,TTF!B:B),"") -> 16.02 | E11: =+IFERROR(_xlfn.XLOOKUP(A11,'Henry Hub'!A:A,'Henry Hub'!B:B),"") -> 3.065
A12: 46098 | B12: =+IFERROR(_xlfn.XLOOKUP($A12,JKM!A:A,JKM!B:B),"") -> 19.41 | C12: =+IFERROR(_xlfn.XLOOKUP($A12,NBP!$A:$A,NBP!B:B),"") -> 17.52 | D12: =+IFERROR(_xlfn.XLOOKUP(A12,TTF!A:A,TTF!B:B),"") -> 15.11 | E12: =+IFERROR(_xlfn.XLOOKUP(A12,'Henry Hub'!A:A,'Henry Hub'!B:B),"") -> 3.033
A13: 46097 | B13: =+IFERROR(_xlfn.XLOOKUP($A13,JKM!A:A,JKM!B:B),"") -> 19.275 | C13: =+IFERROR(_xlfn.XLOOKUP($A13,NBP!$A:$A,NBP!B:B),"") -> 17.236 | D13: =+IFERROR(_xlfn.XLOOKUP(A13,TTF!A:A,TTF!B:B),"") -> 14.914 | E13: =+IFERROR(_xlfn.XLOOKUP(A13,'Henry Hub'!A:A,'Henry Hub'!B:B),"") -> 3.023
A14: 46094 | B14: =+IFERROR(_xlfn.XLOOKUP($A14,JKM!A:A,JKM!B:B),"") -> 16.185 | C14: =+IFERROR(_xlfn.XLOOKUP($A14,NBP!$A:$A,NBP!B:B),"") -> 16.896 | D14: =+IFERROR(_xlfn.XLOOKUP(A14,TTF!A:A,TTF!B:B),"") -> 14.687 | E14: =+IFERROR(_xlfn.XLOOKUP(A14,'Henry Hub'!A:A,'Henry Hub'!B:B),"") -> 3.131
... A2647: 42373 | B2647: =+IFERROR(_xlfn.XLOOKUP($A2647,JKM!A:A,JKM!B:B),"") -> 6.86 | C2647: =+IFERROR(_xlfn.XLOOKUP($A2647,NBP!$A:$A,NBP!B:B),"") -> 4.828 | D2647: =+IFERROR(_xlfn.XLOOKUP(A2647,TTF!A:A,TTF!B:B),"") -> 4.28 | E2647: =+IFERROR(_xlfn.XLOOKUP(A2647,'Henry Hub'!A:A,'Henry Hub'!B:B),"") -> 2.334

Sheet NBP
A1: Date | B1: NGLNMc1 (TRDPRC_1)
B2: Close
A3: 46112 | B3: 16.937
A4: 46111 | B4: 18.177
A5: 46108 | B5: 18.048
A6: 46107 | B6: 18.474
A7: 46106 | B7: 17.742
A8: 46105 | B8: 18.283
A9: 46104 | B9: 19.238
A10: 46101 | B10: 20.155
A11: 46100 | B11: 21.037
A12: 46099 | B12: 18.483
A13: 46098 | B13: 17.52
A14: 46097 | B14: 17.236
... A2603: 42373 | B2603: 4.828

Sheet TTF
A1: Date | B1: TFMBMc1 (TRDPRC_1)
B2: Close
A3: 46112 | B3: 14.875
A4: 46111 | B4: 16.064
A5: 46108 | B5: 15.878
A6: 46107 | B6: 16.183
A7: 46106 | B7: 15.479
A8: 46105 | B8: 15.838
A9: 46104 | B9: 16.612
A10: 46101 | B10: 17.366
A11: 46100 | B11: 18.127
A12: 46099 | B12: 16.02
A13: 46098 | B13: 15.11
A14: 46097 | B14: 14.914
... A2632: 42373 | B2632: 4.28

Sheet JKM
A1: Date | B1: JKMc1 (TRDPRC_1)
B2: Close
A3: 46112 | B3: 20.13
A4: 46111 | B4: 20.53
A5: 46108 | B5: 20.395
A6: 46107 | B6: 20.495
A7: 46106 | B7: 19.99
A8: 46105 | B8: 20.525
A9: 46104 | B9: 21
A10: 46101 | B10: 21.705
A11: 46100 | B11: 22.35
A12: 46099 | B12: 20.175
A13: 46098 | B13: 19.41
A14: 46097 | B14: 19.275
... A2570: 42373 | B2570: 6.86

Sheet Henry Hub
A1: Date | B1: NGc1 (TRDPRC_1)
B2: Close
A3: 46112 | B3: 2.884
A4: 46111 | B4: 2.887
A5: 46108 | B5: 3.095
A6: 46107 | B6: 2.999
A7: 46106 | B7: 2.952
A8: 46105 | B8: 2.943
A9: 46104 | B9: 2.891
A10: 46101 | B10: 3.095
A11: 46100 | B11: 3.166
A12: 46099 | B12: 3.065
A13: 46098 | B13: 3.033
A14: 46097 | B14: 3.023
... A2579: 42373 | B2579: 2.334
